Code,Name,Latitude,Longitude,No_Observed,Number_By_Party_Hours,year,Editor_Comments
CAPV,Peace Valley,39.1982,-121.8219,28875,401.0417,1996,
CASS,Salton Sea (south),33.1579,-115.6132,14500,278.8462,1996,
CACC,Contra Costa County,37.9538,-121.9923,7971,40.0553,1996,
CAPA,Palo Alto,37.4064,-122.1559,7910,38.8698,1996,
CAHF,Hayward-Fremont,37.6068,-122.0667,6640,26.5866,1996,
CAST,Stockton,38.116,-121.3954,6574,49.2434,1996,
LACW,Crowley,30.1107,-92.3619,4474,27.5323,1996,
ARLV,Lake Village,33.4,-91.3167,4432,91.8549,1996,
TXBP,Bolivar Peninsula,29.5504,-94.4668,4134,45.9333,1996,
CABE,Benicia,38.1143,-122.1094,3358,19.0795,1996,
CASL,San Jacinto Lake,33.8745,-117.1239,3247,34.914,1996,
CABA,Bakersfield,35.4311,-118.9173,3119,33.5376,1996,
CATL,Tule Lake,41.9465,-121.539,3052,120.8713,1996,
CASM,Sacramento,38.6,-121.55,2556,9.1613,1996,
MSAL,Arkabutla Lake,34.7624,-90.1306,2478,59.3533,1996,
CACH,China Lake,35.6518,-117.7056,2397,36.0451,1996,
NCMA,Mattamuskeet N.W.R.,35.45,-76.1333,2344,34.4706,1996,
NCBP,Bodie-Pea Island,35.7824,-75.5458,2260,19.3162,1996,
CASJ,San Jose,37.4033,-121.8821,2120,11.4286,1996,
CALN,Lancaster,34.7043,-118.086,2042,51.6962,1996,
VANR,Nansemond River,36.8472,-76.4333,2006,24.6892,1996,
CACW,Caswell-Westley,37.6061,-121.174,2000,36.6972,1996,
CACL,Clear Lake,38.9392,-122.7199,1845,19.6277,1996,
LACR,Creole,29.8159,-93.1113,1810,22.9841,1996,
TXAP,Attwater Prairie Chicken N.W.R.,29.6344,-96.3667,1742,15.0497,1996,
TXSA,Santa Ana N.W.R.,26.1492,-98.1917,1645,22.0805,1996,
MSSI,Sidon,33.3624,-90.2479,1569,92.2941,1996,
AZRC,Ramsey Canyon,31.4599,-110.2068,1505,11.992,1996,
MSHA,Hattiesburg,31.3073,-89.3166,1500,28.8462,1996,
LAPP,Pine Prairie,30.7643,-92.3765,1440,17.7778,1996,
NVHE,Henderson,36.0833,-114.95,1423,38.4595,1996,
CODV,Denver (urban),39.7347,-104.8753,1349,13.49,1996,
CACB,Centerville Beach to King Salmon,40.642,-124.2428,1274,8.9877,1996,
LASA,Sabine N.W.R.,29.8545,-93.3892,1218,8.1336,1996,
TXFR,Freeport,29.0172,-95.3551,1191,3.0114,1996,
TXSB,San Bernard N.W.R.,28.8667,-95.5667,1053,7.5484,1996,
VACI,Chincoteague N.W.R.,37.9672,-75.3669,998,8.6034,1996,
TXST,San Antonio,29.3148,-98.608,958,7.901,1996,
CAOC,Orange County (coastal),33.6725,-117.9453,932,3.3984,1996,
TXLA,Laguna Atascosa N.W.R.,26.2391,-97.3814,900,11.0092,1996,
FLMI,Merritt Island N.W.R.,28.6171,-80.6815,874,5.297,1996,
CAOV,Oceanside-Vista-Carlsbad,33.1903,-117.2796,834,6.0435,1996,
FLHC,Hamilton County,30.336,-82.7595,814,17.3191,1996,
TXAU,Austin,30.1834,-97.698,793,5.9512,1996,
CASD,San Diego,32.6473,-117.117,694,3.6866,1996,
TXLG,Longview,32.3765,-94.7162,664,4.8824,1996,
TXGA,Galveston,29.3333,-94.8333,657,5.6883,1996,
TXBA,Balmorhea,30.9858,-103.7459,654,15.2093,1996,
ORFG,Forest Grove,45.4851,-123.1269,607,14.7152,1996,
NMBD,Bosque del Apache N.W.R.,33.8051,-106.8907,590,16.1644,1996,
CATO,Thousand Oaks,34.1489,-118.9699,587,7.5256,1996,
TXCT,Coastal Tip,26.0278,-97.2334,584,22.2476,1996,
TXCF,Corpus Christi (Flour Bluff),27.6584,-97.2938,581,4.8017,1996,
TXMM,Matagorda County-Mad Island Marsh,28.6833,-95.9833,550,2.3707,1996,
CAHL,Honey Lake,40.3434,-120.4229,508,15.3939,1996,
AZTV,Tucson Valley,32.3016,-110.9735,502,4.3652,1996,
ORCO,Corvallis,44.5071,-123.2695,493,3.6723,1996,
CASH,Salton Sea (north),33.5179,-116.1031,482,6.1795,1996,
MSWC,Washington County (south),33.097,-90.9857,481,7.0219,1996,
ORCV,Coquille Valley,43.115,-124.2983,455,3.5968,1996,
AZTI,Timber Mesa,34.2089,-109.9582,436,16.4528,1996,
WAGH,Grays Harbor,46.9667,-124.05,423,2.7115,1996,
CASA,Santa Ana River Valley,33.9068,-117.4889,417,15.4444,1996,
WAEV,Everett-Marysville,48.0833,-122.2167,412,3.3496,1996,
NMRO,Roswell,33.397,-104.3983,400,6.0377,1996,
CAMR,Morro Bay,35.3,-120.7767,394,1.4275,1996,
CAES,Escondido,33.1025,-116.9403,387,2.9712,1996,
UTLO,Logan,41.7993,-111.8333,370,2.4026,1996,
ARPB,Pine Bluff,34.2295,-92.0033,365,5.3676,1996,
IDBO,Boise,43.6177,-116.1995,361,6.5045,1996,
TXVI,Victoria,28.8723,-97.0784,354,3.756,1996,
TXCC,Corpus Christi,27.8334,-97.5833,353,3.0897,1996,
TXFD,Falcon Dam and S.P.,26.4967,-99.0884,346,12.6972,1996,
NMLA,Lakes Avalon-Brantley,32.5661,-104.294,345,9.2,1996,
CAMJ,Mojave River Valley,34.5071,-117.2689,334,4.6551,1996,
MSJC,Jackson County,30.4366,-88.7119,333,5.371,1996,
CARS,Rancho Santa Fe,33.0003,-117.1628,330,3.6164,1996,
NVTM,Truckee Meadows,39.4679,-119.8205,326,5.1339,1996,
CAON,Orange County (northeastern),33.7145,-117.6776,322,1.1625,1996,
OKTU,Tulsa,36.3221,-95.9022,320,3.3333,1996,
DEBH,Bombay Hook N.W.R.,39.2152,-75.4822,309,2.2804,1996,
TXAZ,Anzalduas-Bentsen,26.2235,-98.3944,303,6.587,1996,
ARLO,Lonoke,34.749,-91.8957,299,4.0134,1996,
WAML,Moses Lake,47.1381,-119.3214,295,5.9596,1996,
DECH,Cape Henlopen-Prime Hook,38.8072,-75.1878,295,4.9789,1996,
TXLU,Lubbock County,33.5849,-101.7925,284,4.8136,1996,
CASR,Santa Rosa,38.4379,-122.7116,277,3.3576,1996,
TXUC,Uvalde County,29.2096,-99.7862,277,7.9712,1996,
TXCY,Cypress Creek,29.9561,-95.89,275,5.2381,1996,
WATA,Tacoma,47.2335,-122.5167,274,1.5657,1996,
TXWW,Welder Wildlife Refuge,28.1136,-97.4171,272,5.8182,1996,
CAMC,Marin County (southern),37.9214,-122.5643,268,0.8896,1996,
ORME,Medford,42.4026,-122.8559,268,1.1502,1996,
NCWC,Wayne County,35.3239,-77.9845,265,4.4167,1996,
ALMT,Mobile-Tensaw Delta,30.75,-87.95,265,3.5452,1996,
TXTR,Trinidad,32.15,-96.1,263,11.4348,1996,
SCMC,McClellanville,33.1003,-79.4037,261,3.9847,1996,
TXDA,Dallas County,32.8258,-96.8312,261,2.534,1996,
MSGR,Grenada,33.8051,-89.7016,260,6.8421,1996,
CODE,Denver,39.587,-105.143,259,1.1068,1996,
COFC,Fort Collins,40.6454,-105.1141,257,2.0519,1996,
CAOA,Oakland,37.8146,-122.233,255,0.9043,1996,
TXEP,El Paso,31.7828,-106.4798,252,3.4286,1996,
TNME,Memphis,35.15,-89.9333,245,2.2273,1996,
TXKI,Kingsville,27.4658,-97.8551,230,3.1081,1996,
TXMN,McNary,31.2682,-105.7871,226,7.5333,1996,
LALA,Lafayette,30.1901,-92.1042,226,1.7154,1996,
ORDA,Dallas,44.8965,-123.3384,219,3.0207,1996,
WASB,Skagit Bay,48.2973,-122.3879,212,2.2083,1996,
SCSR,Savannah River Site,33.2,-81.6167,212,3.8899,1996,
OREU,Eugene,44.0768,-123.179,210,1.2805,1996,
CA2L,Point Reyes Peninsula,38.1333,-122.8833,207,0.7486,1996,
CAMD,Moss Landing,36.897,-121.7407,200,0.8511,1996,
CAHO,Hollister,36.8,-121.3667,195,2.7857,1996,
MOMI,Mingo N.W.R.,36.9833,-90.2,193,2.3827,1996,
ORSA,Salem,44.9437,-123.0388,183,1.5,1996,
MOBO,Big Oak Tree S.P.,36.6667,-89.2667,177,9.8333,1996,
TXSG,San Angelo,31.4439,-100.4823,175,1.9444,1996,
WAED,Edmonds,47.8524,-122.2489,172,2.626,1996,
ORTB,Tillamook Bay,45.5167,-123.8833,171,1.6931,1996,
AZNO,Nogales,31.4338,-110.9358,171,2.3108,1996,
MDSD,Southern Dorchester County,38.3617,-76.0371,162,1.6119,1996,
CASB,Santa Barbara,34.4512,-119.7627,157,0.4914,1996,
ALWH,Wheeler N.W.R.,34.6001,-86.8837,154,1.4194,1996,
WACC,Cowlitz-Columbia,46.1092,-122.9787,152,3.1667,1996,
OKAC,Arcadia,35.5667,-97.2167,146,2.171,1996,
OKWA,Washita N.W.R.,35.6495,-99.2797,143,2.3833,1996,
NYCA,L.I.: Captree,40.7038,-73.2493,141,1.1016,1996,
WAKA,Kent-Auburn,47.3598,-122.1787,137,1.1417,1996,
ORGP,Grants Pass,42.4186,-123.3669,135,0.4327,1996,
MSSH,Southern Hancock County,30.2906,-89.5034,134,1.4685,1996,
CALB,Long Beach-el Dorado,33.8533,-118.0908,133,2.1365,1996,
TXFW,Fort Worth,32.7661,-97.4715,132,0.8599,1996,
IDHV,Hagerman Valley,42.8167,-114.9,131,3.359,1996,
TXBZ,Brazos Bend,29.3734,-95.6688,130,1.5476,1996,
ORSI,Sauvie Island,45.7562,-122.8008,122,1.4353,1996,
CAGM,Grass Mountain,34.6333,-118.4167,120,3.3103,1996,
WASD,Sequim-Dungeness,48.1,-123.0667,120,0.8219,1996,
CAMF,Milburn-Fresno,36.7788,-119.935,119,3.9667,1996,
FLSM,St. Marks,30.1536,-84.2227,119,1.6528,1996,
COBL,Barr Lake,39.9721,-104.6955,119,3.4745,1996,
MSJA,Jackson,32.4476,-90.004,116,1.7576,1996,
OKFG,Fort Gibson Reservoir,35.85,-95.3167,115,2.3469,1996,
NVFA,Fallon,39.3965,-118.773,115,3.4848,1996,
VABB,Back Bay N.W.R.,36.65,-76,115,0.9504,1996,
NMSC,Silver City,32.7381,-108.262,114,3.1667,1996,
LATR,Tensas River N.W.R.,32.2833,-91.3667,112,1.7165,1996,
CACS,Crystal Springs,37.5184,-122.3751,111,0.6491,1996,
MXPP,"Puerto Penasco, Sonora, Mexico",31.3501,-113.5167,111,2.5814,1996,
ARAR,Arkadelphia,34.1333,-93.05,108,1.3171,1996,
TXCA,Caddo National Grasslands,33.7405,-96.0024,107,1.7686,1996,
WAOL,Olympia,47.0722,-122.8533,106,0.4722,1996,
LABC,Bossier-Caddo-Bienville,32.2932,-93.5026,105,1.4433,1996,
NMCA,Caballo,32.953,-107.3122,105,2,1996,
MS09,Noxubee N.W.R.,33.2833,-88.7833,105,1.3003,1996,
LACA,Catahoula N.W.R.,31.508,-92.0589,104,1.491,1996,
TXHO,Houston,29.7497,-94.9492,104,0.7969,1996,
ORKF,Klamath Falls,42.1595,-121.7351,102,1.4069,1996,
TXPA,Port Aransas,27.8502,-97.1,102,1.275,1996,
TXLR,Lake Ray Hubbard,32.9296,-96.5363,102,2.125,1996,
WIMA,Madison,43.0747,-89.3843,102,0.4304,1996,
CAPP,Palos Verdes Peninsula,33.7723,-118.3279,101,0.744,1996,
NYQU,L.I.: Queens,40.6932,-73.7448,100,1.2618,1996,
MSSU,Sumner,33.9667,-90.3667,100,10,1996,
NMRU,Ruidoso,33.3987,-105.6808,100,3.125,1996,
LAJB,Johnsons Bayou,29.801,-93.7149,99,1.913,1996,
TXCS,College Station,30.593,-96.3175,97,1.0104,1996,
TXNA,Nacogdoches,31.5332,-94.6563,96,2,1996,
ORBR,Brownsville,44.3536,-122.9671,96,1.1163,1996,
VALC,Little Creek,36.8508,-76.0994,95,1.0215,1996,
AZMY,Martinez Lake-Yuma,32.8884,-114.4623,94,1.5161,1996,
NYSN,L.I.: Southern Nassau County,40.6298,-73.5907,93,0.4306,1996,
CASG,Santa Maria-Guadalupe,34.8833,-120.5833,91,1.3285,1996,
LALO,Lake Ophelia N.W.R.,31.2333,-91.9,91,2.0335,1996,
WATC,Tri-Cities,46.2357,-119.1805,91,1.4219,1996,
ORPD,Portland,45.5167,-122.7,89,0.6846,1996,
NMLO,Loving,32.291,-104.0667,88,2.7937,1996,
TXWA,Waco,31.5194,-97.0451,87,1.6731,1996,
FLCO,Cocoa,28.3622,-80.7026,86,0.6772,1996,
TXPS,Palestine,31.7624,-95.7664,85,2.8333,1996,
OKNO,Norman,35.2655,-97.3767,82,0.8119,1996,
AZFL,Flagstaff-Mt. Elden,35.241,-111.5976,80,4,1996,
NMAL,Albuquerque,35.1833,-106.6167,80,0.8511,1996,
TXLV,Lewisville,33.0301,-96.9929,80,1.4679,1996,
NMLL,La Luz-Otero County,33,-105.96,80,1.8391,1996,
VACC,Cape Charles,37.1899,-75.941,79,0.513,1996,
COBO,Boulder,40.0256,-105.2725,79,0.2642,1996,
TXAR,Aransas N.W.R.,28.2333,-96.8833,78,1.3684,1996,
AZ18,Salt-Verde Rivers,33.55,-111.7333,76,0.2272,1996,
CALU,La Purisima,34.6616,-120.5368,75,0.9524,1996,
ILUC,Union County,37.4676,-89.4048,75,0.5792,1996,
NJLH,Lower Hudson,40.7751,-74.0009,74,0.7184,1996,
TXHA,Hagerman N.W.R.,33.7807,-96.7444,74,1.2333,1996,
CAID,Idyllwild,33.7112,-116.7691,72,2.4,1996,
FLLA,Lakeland,28.0261,-81.8507,71,0.6256,1996,
ALGU,Guntersville,34.3883,-86.2803,71,0.9861,1996,
TXLS,La Sal Vieja,26.4849,-97.9649,69,1.0615,1996,
KSWI,Wichita,37.6912,-97.3496,69,1.0147,1996,
IDNA,Nampa,43.568,-116.6729,69,0.6479,1996,
OKOC,Oklahoma City,35.5368,-97.5834,68,1.1525,1996,
UTSL,Salt Lake City,40.7695,-111.8884,67,1.0308,1996,
NYSM,L.I.: Smithtown,40.9133,-73.1386,66,1.0476,1996,
ARCO,Conway,35.0916,-92.4227,64,1.1034,1996,
CALH,Lake Henshaw,33.2112,-116.7255,62,0.6185,1996,
ILCO,Crab Orchard N.W.R.,37.7196,-89.0212,61,1.0083,1996,
INOC,Oakland City,38.2899,-87.3454,60,1.8462,1996,
CORO,Rocky Ford,38.1326,-103.679,60,2.1622,1996,
LAST,St. Tammany Parish,30.4211,-90.0886,60,0.8481,1996,
ALEU,Eufaula N.W.R.,31.9939,-85.0886,60,1.4458,1996,
TXBS,Big Spring,32.2391,-101.4162,60,2.5,1996,
INWG,Western Gibson County,38.3406,-87.7807,59,2.1071,1996,
COCS,Colorado Springs,38.8022,-104.8167,59,0.5438,1996,
TXDR,Del Rio,29.4651,-100.9585,59,0.9633,1996,
OKSE,Sequoyah,34.4985,-94.9695,58,1.856,1996,
TXLO,Lake O' the Pines,32.8001,-94.5947,56,0.612,1996,
FLSP,St. Petersburg,27.7991,-82.6794,55,0.6918,1996,
CASV,San Fernando Valley,34.2358,-118.5025,55,0.8661,1996,
CAAR,Arcata,40.8653,-124.1565,54,0.3724,1996,
NYBW,Bronx-Westchester Region,40.9117,-73.7825,54,0.2943,1996,
VAFB,Fort Belvoir,38.709,-77.1939,54,0.2164,1996,
KYLE,Lexington,37.9227,-84.4719,54,0.7714,1996,
LANO,New Orleans,30.0236,-89.9167,53,0.6199,1996,
OKTI,Tishomingo N.W.R.,34.1833,-96.65,53,2.4651,1996,
TXAM,Amarillo,34.9851,-101.7021,52,1.3,1996,
KSEM,Emporia,38.4456,-96.0835,50,1.0638,1996,
SCCA,Charleston,32.9333,-79.7,50,0.578,1996,
NMFA,Farmington,36.7833,-108.102,49,1.5556,1996,
ORPR,Prineville,44.3668,-120.75,49,1.1264,1996,
NJLB,Long Branch,40.2502,-74.0554,48,0.4085,1996,
TXBL,Buffalo Lake N.W.R.,34.9187,-102.0428,48,2.8235,1996,
NJMA,Marmora,39.2647,-74.6472,46,0.6667,1996,
CAFR,Fall River Mills,41.0616,-121.4899,46,1.6429,1996,
WASE,Seattle,47.6017,-122.3341,45,0.3041,1996,
ORCE,Columbia Estuary,46.2192,-123.9461,44,0.7426,1996,
NYCS,L.I.: Central Suffolk County,40.8333,-72.7838,43,0.2852,1996,
TXAB,Abilene,32.3501,-99.7502,42,0.6154,1996,
ILCV,Collinsville,38.7081,-89.9588,42,0.9711,1996,
MDJB,Jug Bay,38.7532,-76.6415,41,0.2563,1996,
MXRL,"Rancho los Colorados, Tamaulipas, Mexico",22.9667,-97.8667,41,1.0513,1996,
TXBB,Bastrop-Buescher State Parks,30.0866,-97.2484,40,0.5556,1996,
FLMR,Myakka River S.P.,27.233,-82.236,40,0.5556,1996,
TXMI,Midland,31.95,-102.0333,39,0.629,1996,
TXMC,Mckinney,33.1585,-96.6154,39,0.3514,1996,
TXRO,Rockport,28.0669,-97.1167,39,0.4671,1996,
ARFA,Fayetteville,36.0566,-94.1719,38,0.7488,1996,
MSNA,Natchez,31.6167,-91.3792,38,1.2562,1996,
UTPR,Provo,40.2526,-111.6688,37,0.3077,1996,
TXTY,Tyler,32.2777,-95.2991,37,0.7327,1996,
SCCL,Clemson,34.6346,-82.8365,36,0.7164,1996,
TXBU,Bell County,30.9667,-97.45,36,1.125,1996,
ALMO,Montgomery,32.3496,-86.3831,35,0.6796,1996,
MDLK,Lower Kent County,39.1427,-76.1921,35,0.4459,1996,
OKSP,Salt Plains N.W.R.,36.785,-98.1789,34,0.8831,1996,
OKWM,Wichita Mountains Wildlife Refuge,34.7333,-98.6667,34,0.6296,1996,
ORUC,Union County,45.25,-117.8833,34,1.1333,1996,
CASO,San Bernardino Valley,34.0852,-117.301,34,0.4304,1996,
ORBE,Bend,44.0642,-121.3109,34,0.6296,1996,
FLJA,Jacksonville,30.4152,-81.4877,34,0.2437,1996,
FLTA,Tampa,28.0107,-82.4595,33,0.4328,1996,
VABK,Brooke,38.3703,-77.3287,32,0.3636,1996,
ARME,Mena,34.5833,-94.2333,32,0.4706,1996,
UTFS,Fish Springs N.W.R.,39.8107,-113.399,31,1.4762,1996,
TXPM,Palmetto S.P.,29.5833,-97.5833,31,0.4769,1996,
CAAN,A–o Nuevo,37.2147,-122.3182,31,0.1774,1996,
NJCM,Cape May,39.0123,-74.8778,30,0.1089,1996,
CACO,Chico,39.722,-121.8238,30,0.5405,1996,
TNCO,Columbia,35.599,-87.1613,30,1.0345,1996,
WABG,Bellingham,48.8112,-122.5629,30,0.137,1996,
ORSU,Summer Lake,42.9731,-120.7778,29,0.6988,1996,
NCSP,Southern Pines,35.2167,-79.3167,29,0.4028,1996,
KSPA,Parsons,37.4643,-95.2528,27,0.6316,1996,
GAAU,Augusta,33.4393,-82.0239,27,0.5934,1996,
WAOH,Oak Harbor,48.2646,-122.6805,27,0.406,1996,
NVAM,Ash Meadows N.W.R.,36.4253,-116.2915,27,0.871,1996,
SCAB,Ace Basin,32.6126,-80.4813,27,0.4122,1996,
INSU,Sullivan County,39.1029,-87.4253,26,0.7761,1996,
TXGC,Gibbons Creek,30.5833,-96,26,0.4315,1996,
NMZU,Zuni,35.0333,-108.8167,26,0.5306,1996,
COPR,Pueblo Reservoir,38.2354,-104.7857,26,0.5149,1996,
ILHL,Horseshoe Lake,37.2089,-89.3311,25,0.2193,1996,
ILWV,Warbluff Valley Sanctuary,37.4056,-88.6111,25,0.3279,1996,
CAAG,Angwin,38.5715,-122.3977,25,0.4808,1996,
AZAV,Avra Valley,32.2501,-111.25,25,0.3759,1996,
NYSI,Staten Island,40.5833,-74.15,25,0.2725,1996,
NJBO,Boonton,40.85,-74.3833,25,0.1422,1996,
ARWR,White River N.W.R.,34.3146,-91.121,25,1.2048,1996,
CACM,Claremont,34.1384,-117.7073,24,0.2697,1996,
SCRR,Rocky River,34.2603,-82.6112,23,0.5714,1996,
AZJE,Jerome,34.7398,-112.1238,23,0.422,1996,
FLTH,Tallahassee,30.5291,-84.2364,23,0.2473,1996,
MTBL,Billings,45.8167,-108.4333,23,0.2507,1996,
MOSP,Springfield,37.2174,-93.239,23,0.2556,1996,
NJOC,Oceanville,39.4422,-74.4605,23,0.2706,1996,
WASJ,San Juan Islands Archipelago,48.5462,-123.013,22,0.1943,1996,
LASH,Shreveport,32.5371,-93.8922,21,0.3515,1996,
TXLK,Lake Tawakoni,32.7667,-95.9167,21,0.3231,1996,
ARLR,Little Rock,34.7582,-92.2792,21,0.2701,1996,
OKSC,Stephens County,34.5667,-97.7833,21,0.4615,1996,
ORRS,Roseburg-Sutherlin,43.3177,-123.3473,21,0.2353,1996,
TXBF,Buffalo Bayou,29.7715,-95.5699,21,0.1391,1996,
CAMO,Modoc N.W.R.,41.45,-120.5167,21,0.7,1996,
VANN,Newport News,37.0799,-76.3956,21,0.1927,1996,
CAYR,Yreka,41.7495,-122.5247,20,0.7273,1996,
MOJO,Joplin,37.0548,-94.4602,20,0.6504,1996,
ORFL,Florence,44.0334,-124.0667,20,0.1384,1996,
MSSL,Sardis Lake,34.47,-89.7222,20,0.339,1996,
OKBB,Broken Bow Reservoir,34.0554,-94.7048,20,0.4651,1996,
TXWF,Wichita Falls,33.8877,-98.6298,19,0.6786,1996,
ORCB,Coos Bay,43.3759,-124.2973,19,0.2774,1996,
WAEA,East Lake Washington,47.5899,-121.9995,19,0.3393,1996,
CORF,Roaring Fork River Valley,39.4579,-107.2624,19,0.3304,1996,
TXCK,Choke Canyon,28.4913,-98.3082,19,0.3654,1996,
TXSR,Sea Rim S.P.,29.7334,-93.9563,19,0.2375,1996,
CAMS,Mount Shasta,41.5342,-122.4141,19,0.329,1996,
OKRC,Rogers County,36.3722,-95.6326,18,0.4615,1996,
UTKA,Kanab,37.0334,-112.5167,18,0.3913,1996,
MOCO,Columbia,38.8915,-92.3348,18,0.1353,1996,
AZPR,Prescott,34.5419,-112.4701,18,0.1739,1996,
CARB,Red Bluff,40.2074,-122.2117,18,0.4162,1996,
NYNN,L.I.: Northern Nassau County,40.866,-73.5938,17,0.1029,1996,
NCRA,Raleigh,35.7622,-78.6593,17,0.1495,1996,
CARE,Redding,40.6194,-122.4458,17,0.2857,1996,
GAMA,Macon,32.8321,-83.6663,17,0.3208,1996,
MDOC,Ocean City,38.3128,-75.2122,17,0.1189,1996,
MSVI,Vicksburg,32.3108,-90.9068,17,0.1868,1996,
CASU,San Juan Capistrano,33.5096,-117.6078,17,0.2112,1996,
CAMU,Malibu,34.0822,-118.7045,16,0.0851,1996,
ARHB,Holla Bend N.W.R.,35.166,-93.1382,16,0.2294,1996,
NCGR,Greensboro,36.1163,-79.837,16,0.173,1996,
ALWA,Waterloo,34.8333,-88.0002,16,0.2038,1996,
SCLP,Litchfield-Pawleys Island,33.4908,-79.0904,15,0.123,1996,
LANA,Natchitoches,31.824,-93.0635,15,0.3571,1996,
CAMN,Manchester,39.0347,-123.6897,15,0.2308,1996,
FLNP,North Pinellas,28.0672,-82.7388,15,0.1071,1996,
DERE,Rehoboth,38.6035,-75.1073,15,0.125,1996,
INEV,Evansville,37.9776,-87.5752,15,0.2206,1996,
MXEJ,"Ejido San Pedro, Chihuahua, Mexico",30.7765,-108.4658,14,0.1376,1996,
MXRE,"Rancho el Palomino, Chihuahua, Mexico",29.5823,-106.2827,14,0.5385,1996,
CASF,San Francisco,37.7143,-122.4689,14,0.1009,1996,
NYBR,L.I.: Brooklyn,40.616,-73.9448,14,0.1296,1996,
TNCC,Cross Creeks N.W.R.,36.476,-87.7528,14,0.2353,1996,
MIBT,Battle Creek,42.3767,-85.2795,13,0.2008,1996,
CA0Z,Ventura,34.35,-119.25,13,0.0893,1996,
OHCO,Columbus,39.9851,-82.9315,13,0.0974,1996,
UTSG,St. George,37.15,-113.6,13,0.1425,1996,
TXCR,Crawford,31.556,-97.3556,13,0.1912,1996,
VAWI,Williamsburg,37.2792,-76.6987,13,0.161,1996,
PALZ,Lititz,40.2261,-76.3024,13,0.1284,1996,
FLCB,Choctawhatchee Bay,30.4462,-86.5182,13,0.113,1996,
CAFO,Folsom,38.6618,-121.0974,12,0.0637,1996,
MXGF,"Gomez Farias, Tamaulipas, Mexico",23.1118,-99.1816,12,0.16,1996,
CORA,Rawhide Energy Station,40.8628,-105.1431,12,0.2353,1996,
WVIN,Inwood,39.4451,-78.1061,12,0.1684,1996,
WAPB,Padilla Bay,48.4834,-122.5667,12,0.1086,1996,
TXQU,Quitaque,34.4346,-101.0739,12,0.4286,1996,
NMLC,Las Cruces,32.3,-106.7167,12,0.1311,1996,
AZSC,Santa Catalina Mountains,32.3353,-110.7295,12,0.2182,1996,
TNCH,Chattanooga,35.104,-85.2292,12,0.1368,1996,
FLWP,West Palm Beach,26.5672,-80.127,12,0.1404,1996,
LADA,D'Arbonne,32.6583,-92.241,12,0.1352,1996,
AZPO,Portal,31.9009,-109.1364,11,0.084,1996,
MDBH,Baltimore Harbor,39.2661,-76.4911,11,0.0786,1996,
NVWL,Walker Lake,38.6922,-118.5,11,0.2683,1996,
CALW,LaGrange-Waterford,37.6531,-120.5876,10,0.1626,1996,
NYRH,Rochester,43.2232,-77.6413,10,0.0893,1996,
BLBC,"Belize City, Belize",17.6052,-88.3889,10,0.2062,1996,
ARTE,Texarkana,33.4725,-93.9215,10,0.3571,1996,
WAKC,Kitsap County,47.6323,-122.6609,10,0.1262,1996,
COPE,Penrose,38.3907,-105.144,10,0.1681,1996,
INNL,Northeast LaPorte County,41.6776,-86.6684,10,0.625,1996,
TNHP,Hickory-Priest,36.1926,-86.6634,10,0.1896,1996,
NMCC,Carlsbad Caverns N.P.,32.1772,-104.5029,10,0.1852,1996,
CATE,Tehachapi,35.1097,-118.4503,9,0.3529,1996,
AZKI,Kirkland,34.4333,-112.75,9,0.0986,1996,
CAPS,Pasadena-San Gabriel Valley,34.1199,-118.0913,9,0.0641,1996,
TNWC,Warren County,35.6748,-85.777,9,0.3789,1996,
TXBE,Beech Creek,30.7667,-94.2,9,0.1765,1996,
MXSC,"San Carlos, Sonora, Mexico",28.0389,-110.9377,8,0.8205,1996,
LABR,Baton Rouge,30.3661,-91.1194,8,0.0366,1996,
CAKR,Kern River Valley,35.6625,-118.4588,8,0.0379,1996,
ILSP,Springfield,39.8,-89.65,8,0.1509,1996,
NCPE,Pettigrew S.P.,35.7667,-76.45,8,0.2133,1996,
FLLP,Lake Placid,27.2601,-81.3441,7,0.05,1996,
VAGS,Glade Spring,36.7883,-81.7787,7,0.1379,1996,
OKST,Stillwater,36.1452,-97.1765,7,0.1207,1996,
GAPR,Piedmont N.W.R.-Rum Creek W.M.A.,33.0936,-83.747,7,0.0798,1996,
NJBP,Belleplain,39.25,-74.9333,7,0.0833,1996,
AKMI,Mitkof Island,56.7,-132.95,7,0.4516,1996,
DCDC,Washington,38.8674,-77.0685,7,0.0361,1996,
LARB,Reserve-Bonnet Carre Spillway,30.0867,-90.4711,7,0.0838,1996,
PALN,Linesville,41.6028,-80.4296,7,0.1556,1996,
KSSM,Southeast Kansas Minedland,37.2333,-94.9667,7,0.2314,1996,
TXDM,Davis Mountains,30.647,-104.0093,7,0.0859,1996,
INEC,Eagle Creek Valley,39.9269,-86.3383,6,0.0923,1996,
TXCP,Chaparral W.M.A.,28.3609,-99.3429,6,0.0923,1996,
WATO,Toppenish N.W.R.,46.3609,-120.4179,6,0.1017,1996,
KYLO,Louisville,38.2929,-85.6284,6,0.0757,1996,
ORYB,Yaquina Bay,44.5866,-124.0642,6,0.1905,1996,
ARHS,Hot Springs Village,34.7167,-92.9667,6,0.125,1996,
ARJO,Jonesboro,35.9232,-90.702,6,0.1667,1996,
AK0N,Cordova,60.5333,-145.6333,6,0.1364,1996,
CARM,Redlands (Mill Creek),34.1025,-116.9999,6,0.1026,1996,
OHOT,Ottawa N.W.R.,41.6114,-83.2006,6,0.1667,1996,
INPL,Patoka Lake,38.4347,-86.6062,6,0.1765,1996,
TNRL,Reelfoot Lake,36.4167,-89.3833,6,0.1121,1996,
FLFM,Fort Myers,26.5551,-81.9906,6,0.0577,1996,
FLCE,Coot Bay-Everglades N.P.,25.141,-80.9582,5,0.0585,1996,
FLPI,Ponce Inlet,29.0623,-81.0073,5,0.0717,1996,
WAWE,Wenatchee,47.4551,-120.323,5,0.0909,1996,
ILDE,Decatur,39.8426,-88.9535,5,0.1149,1996,
IDAF,American Falls Reservoir,42.9833,-112.7,5,0.1235,1996,
ORAD,Adel,42.1833,-119.8833,5,0.102,1996,
UTHV,Heber Valley,40.5065,-111.4322,5,0.0823,1996,
TXOR,Old River,29.8776,-94.7263,5,0.0608,1996,
TXAY,Armand Bayou,29.5498,-95.0489,5,0.0481,1996,
PASR,Scranton,41.4081,-75.6623,5,0.0781,1996,
ILJC,Jackson County,37.7167,-89.35,5,0.0647,1996,
UTMO,Moab,38.5667,-109.45,4,0.0473,1996,
FL0V,South Brevard County,27.8667,-80.5667,4,0.0317,1996,
WACK,Columbia Hills-Klickitat Valley,45.7667,-120.7833,4,0.0711,1996,
NJRA,Ramsey,41.0935,-74.2541,4,0.0426,1996,
FLLK,Lower Keys-Key Deer N.W.R.,24.6667,-81.35,4,0.0821,1996,
NCCH,Cape Hatteras,35.2188,-75.6067,4,0.037,1996,
HIWA,Kaua'i: Waimea,22.0568,-159.678,4,0.0904,1996,
DEMI,Middletown,39.4753,-75.6347,4,0.0637,1996,
SCPD,Pee Dee Area,34.2158,-79.7379,4,0.1151,1996,
TXLW,Lake Meredith (west),35.5168,-101.7833,4,0.25,1996,
PACB,Central Bucks County,40.3102,-75.1017,4,0.0346,1996,
COLO,Longmont,40.1741,-105.1734,4,0.035,1996,
MDSE,Seneca,39.0671,-77.3285,3,0.0093,1996,
INTH,Terre Haute,39.4165,-87.407,3,0.0385,1996,
NCNB,New Bern,35.05,-77.0833,3,0.0488,1996,
FLVB,Vero Beach,27.6667,-80.4167,3,0.0337,1996,
FLPR,Peace River,26.9243,-82.0474,3,0.0645,1996,
CADV,Death Valley,36.4619,-116.8668,3,0.3158,1996,
NCWI,Wilmington,34.1401,-77.8936,3,0.0322,1996,
NJLA,Lakehurst,40.0159,-74.1451,3,0.0448,1996,
NCSB,Southport-Bald Head-Oak Islands,33.9388,-78.0265,3,0.0476,1996,
CALR,Lake Almanor,40.2833,-121.25,3,0.0566,1996,
ININ,Indianapolis,39.8694,-86.0389,3,0.0273,1996,
CAWS,Western Sonoma County,38.3853,-123.0306,3,0.015,1996,
AZGR,Gila River,33.3071,-112.6833,3,0.0201,1996,
CABI,Bishop,37.3611,-118.4776,3,0.1091,1996,
WYEV,Evanston,41.4141,-111.0461,3,0.1071,1996,
MO1C,Horton-Four Rivers,38.0833,-94.5,3,0.087,1996,
OKHR,Hulah Reservoir,36.9289,-96.0873,2,0.0206,1996,
CALL,Lost Lake-Fresno,36.95,-119.7,2,0.024,1996,
FLPE,Pensacola,30.4474,-87.1548,2,0.0215,1996,
FLNR,West Pasco (New Port Richey),28.2604,-82.6949,2,0.0404,1996,
MXRC,"Rio Corona, Tamaulipas, Mexico",23.9333,-98.9333,2,0.0426,1996,
LAVE,Venice,29.3392,-89.4767,2,0.0833,1996,
TXCO,Comstock,29.7104,-101.2531,2,0.0479,1996,
COMO,Montrose,38.5002,-107.8674,2,0.04,1996,
VACN,Calmes Neck,39.1242,-77.8913,2,0.0141,1996,
TXBN,Burnet County,30.7514,-98.275,2,0.0281,1996,
COPU,Pueblo,38.1753,-104.5196,2,0.0506,1996,
ORSL,Silverton,44.966,-122.7065,2,0.037,1996,
NMCL,Clayton,36.5177,-103.2546,2,0.1905,1996,
GADA,Dalton,34.7667,-84.9667,2,0.2222,1996,
TXTT,Tenaha-Timpson,31.961,-94.421,2,0.0392,1996,
PAGL,Delaware County (Glenolden),39.8992,-75.3729,2,0.0109,1996,
COGR,Greeley,40.3936,-104.6801,2,0.046,1996,
NJSH,Sandy Hook,40.47,-74.0031,2,0.0276,1996,
CAAB,Anza-Borrego Desert,33.2841,-116.3986,2,0.0239,1996,
MTBG,Bigfork,48.0952,-114.0888,2,0.0272,1996,
OHCF,Cuyahoga Falls,41.1338,-81.4832,2,0.0095,1996,
LATX,Thibodaux,29.8167,-90.75,2,0.0365,1996,
INOR,Ohio River,39.1021,-84.9016,2,0.0678,1996,
NCCR,Charlotte,35.1765,-80.8759,2,0.0392,1996,
NYDC,Dutchess County,41.687,-73.7933,2,0.0215,1996,
CASP,Springville,36.1338,-118.813,2,0.0209,1996,
NJGS,Great Swamp-Watchung Ridges,40.6983,-74.4017,2,0.0174,1996,
ORSH,Sodhouse,43.2,-118.8833,2,0.062,1996,
TNNA,Nashville,36.0545,-86.9287,2,0.0332,1996,
MIAB,Anchor Bay,42.6273,-82.6647,1,0.0088,1996,
PAEL,Elverson,40.1334,-75.7667,1,0.0083,1996,
ILCT,Clinton Lake,40.1668,-88.7999,1,0.0215,1996,
INWH,Whitewater S.P.,39.5909,-84.9936,1,0.0286,1996,
NJTM,Trenton Marshes,40.1918,-74.7276,1,0.0187,1996,
MAWO,Worcester,42.3238,-71.7937,1,0.0116,1996,
CAAA,Auburn,38.9758,-121.1438,1,0.0101,1996,
MDAG,Annapolis-Gibson Island,39.0033,-76.5065,1,0.0037,1996,
ILEN,Evanston (north shore),42.1379,-87.7882,1,0.0077,1996,
ILCS,Crane Lake-Sangamon,40.1233,-90.2323,1,0.0278,1996,
MTHE,Helena,46.6833,-111.9833,1,0.0146,1996,
PAWY,Wyncote,40.1223,-75.128,1,0.0034,1996,
MOSC,Loess Bluffs (formerly Squaw Creek) N.W.R.,40.0833,-95.2667,1,0.0385,1996,
OHWE,Wellington,41.15,-82.2,1,0.0286,1996,
VARC,Rockingham County,38.4318,-79.0394,1,0.0238,1996,
FLVE,Venice-Englewood,27.0048,-82.3793,1,0.0097,1996,
ALDI,Dauphin Island,30.3385,-88.1284,1,0.0123,1996,
OHHR,Hoover Reservoir,40.1905,-82.9412,1,0.0278,1996,
MAMC,Mid-Cape Cod,41.7004,-70.3002,1,0.0118,1996,
OKSV,Spavinaw,36.4,-94.9501,1,0.0161,1996,
NCPD,Pee Dee N.W.R.,35.1167,-80.05,1,0.0313,1996,
WYCA,Casper,42.7834,-106.4333,1,0.0174,1996,
BEBE,Bermuda,32.3058,-64.7585,1,0.0128,1996,
ILCR,Calumet City-Sand Ridge,41.6155,-87.5395,1,0.0104,1996,
NCJL,Jordan Lake,35.695,-79.0433,1,0.0079,1996,
MSML,Moon Lake (Lula),34.4937,-90.4931,1,0.1,1996,
CATR,Truckee,39.3167,-120.1333,1,0.1111,1996,
KSOL,Olathe,38.9127,-94.8521,1,0.0278,1996,
PALA,Lancaster,39.9921,-76.3614,1,0.0121,1996,
PAER,Erie,42.0833,-80.0333,1,0.0215,1996,
ILCU,Chicago (urban),41.9099,-87.7263,1,0.0156,1996,
TNBR,Buffalo River,35.3001,-87.4573,1,0.0164,1996,
TNHI,Hiwassee,35.3655,-84.92,1,0.0164,1996,
ARFS,Fort Smith-Moffett,35.3818,-94.3766,1,0.0284,1996,
MOMA,Maryville,40.3463,-94.9198,1,0.0294,1996,
NMSE,Sevilleta N.W.R.,34.3167,-106.95,1,0.0449,1996,
WASP,Spokane,47.7151,-117.4112,1,0.008,1996,
COWF,Weldona-Fort Morgan,40.3422,-103.8568,1,0.0625,1996,
FLAC,Apalachicola Bay-St. Vincent N.W.R.,29.6749,-85.0737,1,0.0206,1996,
OKSL,Sooner Lake,36.4032,-97.0672,1,0.0323,1996,
NYMZ,Montezuma,43.0029,-76.731,1,0.0154,1996,
MACO,Concord,42.4333,-71.4333,1,0.004,1996,
OHBV,Beaver Valley,39.0592,-82.7973,1,0.0221,1996,
OHFR,Fremont,41.3562,-83.0766,1,0.0625,1996,
MAPL,Plymouth,41.8733,-70.6012,1,0.0182,1996,
IDBR,Bruneau,42.9252,-115.858,1,0.0272,1996,
MIAA,Ann Arbor,42.3172,-83.7781,1,0.0082,1996,
WIFD,Fond du Lac,43.8117,-88.3213,1,0.0296,1996,
NYEO,Eastern Orange County,41.4811,-74.1473,1,0.01,1996,
ILJO,Joliet,41.5113,-88.1244,1,0.0175,1996,
FLDC,Dade County,25.8402,-80.1883,1,0.0064,1996,
MIMI,Midland,43.5667,-84.25,1,0.0207,1996,
CAWC,Willow Creek,40.95,-123.6667,1,0.0135,1996,
BANP,"New Providence Island, Bahamas",25.0541,-77.3968,1,0.0204,1996,
MDCR,Crisfield,38.0298,-75.7577,1,0.0138,1996,
GASI,Sapelo Island,31.4669,-81.4669,1,0.0233,1996,
CTWE,Westport,41.164,-73.358,1,0.0053,1996,
ILFB,Fermilab-Batavia,41.8605,-88.2628,1,0.0065,1996,
CAPC,Putah Creek,38.481,-122.0306,1,0.0092,1996,
MANA,Nantucket,41.2901,-70.0901,1,0.0094,1996,
MNEX,Excelsior,44.8617,-93.5244,1,0.0113,1996,
IASR,Saylorville Reservoir,41.8038,-93.7562,1,0.0117,1996,
TXBC,Balcones Canyonlands,30.6042,-98.0179,1,0.0145,1996,
PALG,Lewisburg,40.9397,-76.9841,1,0.01,1996,
WACT,Camas Prairie-Trout Lake,45.9837,-121.4168,cw,0,1996,
COGJ,Grand Junction,39.1208,-108.6081,cw,0,1996,
ILCY,Cypress Creek,37.319,-89.0213,cw,0,1996,
KSLC,Linn County,38.2833,-94.75,cw,0,1996,
AKSI,Sitka,57.0527,-135.5652,cw,0,1996,
FLBC,Bay County,30.1851,-85.6719,cw,0,1996,
CAGV,Grass Valley,39.2302,-121.1359,cw,0,1996,
IDSV,Sun Valley,43.3081,-114.067,cw,0,1996,
ARML,Magnolia-Lake Columbia,33.2684,-93.2832,cw,0,1996,
NMLV,Las Vegas,35.595,-105.2152,cw,0,1996,
KSQU,Quivira N.W.R.,38.15,-98.4833,cw,0,1996,